n_estimators,max_depth,accuracy
300,,0.8099352051835853
400,30.0,0.8083153347732182
500,40.0,0.8099352051835853
600,50.0,0.8088552915766739
